commentId,graded_feedback
EPA-R03-RCRA-2008-0256-0005,"Authorship: NGO/Activist Group  
Professionalism: 5  
Use of Evidence/Reasoning: Yes  
Logical Argumentation: 5  
Emotional Tone: Neutral  
Pro-Environmental Regulation: 5  
Bias: Primarily environmental concerns  
Other Feedback: The comment is well-structured, demonstrating a strong understanding of legal frameworks related to environmental regulation. The arguments are backed by specific statutes, which adds credibility to the position taken. The tone is respectful and formal, making it suitable for submission to an agency. Overall, a compelling and comprehensive critique of the proposed regulations."
EPA-R09-OAR-2008-0406-0026,"Authorship: NGO/Activist Group  
Professionalism: 5  
Use of Evidence/Reasoning: Yes  
Logical Argumentation: 5  
Emotional Tone: Negative  
Pro-Environmental Regulation: 5  
Bias: Primarily environmental concerns  
Other Feedback: The comment is thorough and well-structured, presenting a strong critique of the PSD permit while using technical evidence and legal reasoning to support its claims. It effectively calls for regulatory review and highlights significant environmental concerns, particularly regarding air quality and the impacts on local communities. It demonstrates a high level of expertise and concern for environmental protection."
EPA-R09-OAR-2008-0406-0025,"Authorship: Business/Industry Representative  
Professionalism: 4  
Use of Evidence/Reasoning: Yes  
Logical Argumentation: 4  
Emotional Tone: Neutral  
Pro-Environmental Regulation: 3  
Bias: Balanced perspective  
Other Feedback: The comment is well-structured and professionally presented, providing detailed feedback on specific permit conditions. It shows a strong understanding of the technical aspects of air quality regulation. Further emphasis on environmental benefits could enhance the pro-environmental stance. Overall, this is a strong and constructive comment."
EPA-R09-OAR-2009-0697-0021,"Authorship: Citizen  
Professionalism: 4  
Use of Evidence/Reasoning: Yes  
Logical Argumentation: 4  
Emotional Tone: Neutral  
Pro-Environmental Regulation: 4  
Bias: Primarily environmental concerns  
Other Feedback: The comment is well-informed and presents detailed evidence to support its arguments. However, it could benefit from a clearer structure and focus, as the extensive detail may overwhelm some readers. Overall, it effectively expresses a demand for greater clarity and participation in environmental decision-making."
EPA-R09-OAR-2009-0697-0025,"Authorship: Citizen  
Professionalism: 4  
Use of Evidence/Reasoning: Yes  
Logical Argumentation: 4  
Emotional Tone: Neutral  
Pro-Environmental Regulation: 5  
Bias: Primarily environmental concerns  
Other Feedback: The comment exhibits a thorough understanding of the regulatory process and cites statutes and previous cases, which enhances its credibility. It highlights important regulatory gaps, urging for better public participation in the environmental review process for the Colusa PSD permit. The logical flow of the arguments presented is generally strong, although there could be a slight improvement in organizing the points for clarity. Overall, it advocates strongly for enhanced environmental regulation and public involvement."
EPA-R05-OAR-2007-0957-0005,"Authorship: NGO/Activist Group  
Professionalism: 5  
Use of Evidence/Reasoning: Yes  
Logical Argumentation: 5  
Emotional Tone: Neutral  
Pro-Environmental Regulation: 5  
Bias: Primarily environmental concerns  
Other Feedback: The comment is highly detailed, well-structured, and presents a strong argument against the redesignation of Kewaunee County by citing specific legal requirements and shortcomings in Wisconsin's air quality management. It effectively utilizes evidence to support its claims and maintains a formal, respectful tone throughout. This comment exemplifies advocacy for public health and environmental protection."
EPA-R05-OAR-2007-0957-0004,"Authorship: Government/Agency Official  
Professionalism: 3  
Use of Evidence/Reasoning: Yes  
Logical Argumentation: 4  
Emotional Tone: Neutral  
Pro-Environmental Regulation: 4  
Bias: Primarily environmental concerns  
Other Feedback: The comment presents a clear standpoint on the issue of ozone noncompliance and offers logical recommendations for addressing the problem. However, it contains numerous typos and formatting issues that detract from its overall professionalism. While the argument is strong, the delivery could benefit from a more polished presentation."
EPA-R05-OAR-2009-0220-0006,"Authorship: NGO/Activist Group  
Professionalism: 5  
Use of Evidence/Reasoning: Yes  
Logical Argumentation: 5  
Emotional Tone: Neutral  
Pro-Environmental Regulation: 5  
Bias: Primarily environmental concerns  
Other Feedback: The comment is well-structured, thoroughly addresses various legal and technical aspects of the redesignation process, and effectively uses evidence to support its claims. It demonstrates a clear understanding of both the environmental regulations and the specific situation in the Columbus area. Overall, it is a strong comment advocating for environmental protection."
EPA-R06-OAR-2005-TX-0031-0021,"Authorship: Business/Industry Representative  
Professionalism: 5  
Use of Evidence/Reasoning: Yes  
Logical Argumentation: 4  
Emotional Tone: Neutral  
Pro-Environmental Regulation: 2  
Bias: Primarily economic concerns  
Other Feedback: The comment is well-structured and professional, clearly articulating the request for an extension of the comment period while providing background on the association's significance. However, it leans more towards the economic interests of the members rather than showcasing a strong pro-environmental stance. The inclusion of specific regulatory references adds credibility to the request."
EPA-R06-OAR-2005-TX-0031-0026,"Authorship: Business/Industry Representative  
Professionalism: 5  
Use of Evidence/Reasoning: Yes  
Logical Argumentation: 5  
Emotional Tone: Neutral  
Pro-Environmental Regulation: 3  
Bias: Balanced perspective  
Other Feedback: The comment is well-structured and presents a clear legal argument regarding the disapproval of specific provisions in the Texas State Implementation Plan. Luminant effectively juxtaposes regulatory concerns with the potential impact on their operations, showcasing a comprehensive understanding of the Clean Air Act and relevant court cases. The professional tone enhances the credibility of the comments, making it a constructive contribution to the regulatory discussion."
EPA-R06-OAR-2005-TX-0031-0027,"Authorship: Business/Industry Representative  
Professionalism: 4  
Use of Evidence/Reasoning: Yes  
Logical Argumentation: 4  
Emotional Tone: Neutral  
Pro-Environmental Regulation: 3  
Bias: Primarily economic concerns  
Other Feedback: The comment effectively argues against the EPA's proposed disapproval based on established positions and previous assessments. While it does present valid points regarding economic impact and regulatory clarity, it heavily leans towards industry interests, which may detract from an objective environmental perspective."
EPA-R06-OAR-2005-TX-0031-0018,"Authorship: Business/Industry Representative  
Professionalism: 5  
Use of Evidence/Reasoning: Yes  
Logical Argumentation: 4  
Emotional Tone: Neutral  
Pro-Environmental Regulation: 3  
Bias: Balanced perspective  
Other Feedback: The comment is well-structured and maintains a formal tone. It provides a reasonable request for an extension without displaying strong bias towards either economic or environmental concerns, indicating a desire for thorough participation in the regulatory process. However, there could be more pro-environmental emphasis in the reasoning provided."
EPA-R06-OAR-2005-TX-0031-0022,"Authorship: Business/Industry Representative  
Professionalism: 5  
Use of Evidence/Reasoning: Yes  
Logical Argumentation: 4  
Emotional Tone: Negative  
Pro-Environmental Regulation: 2  
Bias: Primarily economic concerns  
Other Feedback: The comment presents a clear business perspective and emphasizes economic implications of the proposed regulation, while arguing for a less stringent regulatory approach that still claims to protect public safety and the environment. However, the argument leans heavily on potential economic drawbacks rather than on environmental considerations."
EPA-R06-OAR-2005-TX-0031-0028,"Authorship: Government/Agency Official  
Professionalism: 5  
Use of Evidence/Reasoning: Yes  
Logical Argumentation: 4  
Emotional Tone: Neutral  
Pro-Environmental Regulation: 4  
Bias: Balanced perspective  
Other Feedback: The comment is well-structured and provides a detailed analysis of the EPA's proposed rulemaking. It includes references to legal precedents and previous rulings, demonstrating a clear understanding of the regulatory framework. However, the logical argumentation could be enhanced by providing stronger evidence to support the claims regarding the efficiency and legality of the TCEQ's proposals. Overall, the feedback is respectful and professional, reflecting the TCEQ's commitment to environmental quality while also advocating for its regulatory framework."
EPA-R06-OAR-2005-TX-0031-0019,"Authorship: Business/Industry Representative  
Professionalism: 5  
Use of Evidence/Reasoning: Yes  
Logical Argumentation: 4  
Emotional Tone: Neutral  
Pro-Environmental Regulation: 3  
Bias: Primarily economic concerns  
Other Feedback: The comment is well-structured and presents a clear request for an extension of the comment period. It emphasizes the need for additional time for review and highlights the importance of the decision for the organization’s members, which is likely driven by economic interests. Overall, it maintains a professional tone and includes references to regulatory details, making a reasonable case for the extension without strongly advocating for or against the environmental aspects of the proposed SIP revision."
EPA-R06-OAR-2005-TX-0031-0020,"Authorship: Business/Industry Representative  
Professionalism: 5  
Use of Evidence/Reasoning: Yes  
Logical Argumentation: 4  
Emotional Tone: Neutral  
Pro-Environmental Regulation: 3  
Bias: Primarily economic concerns  
Other Feedback: The comment is well-structured and professional, providing a clear request for an extension of the comment period while outlining the benefits of such an extension for better decision-making. While it has a neutral tone, the bias towards economic implications is evident, particularly in the emphasis on jobs and industry expenditure."
EPA-R06-OAR-2006-0133-0239,"Authorship: NGO/Activist Group  
Professionalism: 4  
Use of Evidence/Reasoning: Yes  
Logical Argumentation: 4  
Emotional Tone: Negative  
Pro-Environmental Regulation: 5  
Bias: Primarily environmental concerns  
Other Feedback: The comment effectively uses evidence regarding the failures of the TCEQ and presents strong, clear requests for EPA action. It is mostly professional but could be more diplomatic in tone. Overall, it shows a strong commitment to pro-environmental regulation and emphasizes the need for accountability in air quality management in Texas."
EPA-R06-OAR-2006-0133-0303,"Authorship: NGO/Activist Group  
Professionalism: 4  
Use of Evidence/Reasoning: Yes  
Logical Argumentation: 5  
Emotional Tone: Positive  
Pro-Environmental Regulation: 5  
Bias: Primarily environmental concerns  
Other Feedback: The comment is well-structured and presents a compelling argument for stronger enforcement of the Clean Air Act in Texas. It effectively addresses the issues with the TCEQ and outlines specific actions that should be taken. The tone is assertive yet respectful, and the use of evidence strengthens the argument significantly. Overall, it's a strong pro-environmental contribution."
EPA-R06-OAR-2006-0133-0232,"Authorship: NGO/Activist Group  
Professionalism: 4  
Use of Evidence/Reasoning: Yes  
Logical Argumentation: 4  
Emotional Tone: Negative  
Pro-Environmental Regulation: 5  
Bias: Primarily environmental concerns  
Other Feedback: The comment is well-structured and presents a clear argument advocating for stronger environmental regulations. It successfully uses evidence to support its claims and maintains a respectful tone throughout, despite the negative emotional tone regarding the current environmental situation in Texas. Overall, it effectively communicates the urgency for action regarding air quality and coal emissions."
EPA-R06-OAR-2006-0133-0297,"Authorship: NGO/Activist Group  
Professionalism: 4  
Use of Evidence/Reasoning: Yes  
Logical Argumentation: 5  
Emotional Tone: Negative  
Pro-Environmental Regulation: 5  
Bias: Primarily environmental concerns  
Other Feedback: The comment is thoughtfully presented and offers clear solutions while referencing specific issues with the TCEQ and air quality standards. The urgency in the tone underscores the importance of the issue at hand, and it effectively conveys a strong pro-environmental stance. However, it would benefit from a slightly more formal presentation and clearer structuring to enhance professionalism."
EPA-R06-OAR-2006-0133-0066,"Authorship: Citizen  
Professionalism: 5  
Use of Evidence/Reasoning: Yes  
Logical Argumentation: 5  
Emotional Tone: Positive  
Pro-Environmental Regulation: 5  
Bias: Primarily environmental concerns  
Other Feedback: The comment is well-structured and provides clear, actionable recommendations for the EPA, advocating for strong environmental regulations. It effectively highlights the issues with TCEQ and the importance of enforcing the Clean Air Act. The tone is respectful and formal, which is appropriate for communication with government officials. Additionally, it balances concerns about air quality with the potential economic benefits of transitioning to clean energy technology."
EPA-R06-OAR-2006-0133-0215,"Authorship: NGO/Activist Group  
Professionalism: 4  
Use of Evidence/Reasoning: Yes  
Logical Argumentation: 4  
Emotional Tone: Negative  
Pro-Environmental Regulation: 5  
Bias: Primarily environmental concerns  
Other Feedback: The comment effectively highlights the failures of TCEQ and advocates for stronger regulations, making a strong case based on factual data regarding Texas's emissions and coal plants. The tone is appropriately urgent, reflecting the seriousness of the environmental concerns raised. However, the flow could be improved for clarity."
EPA-R06-OAR-2006-0133-0360,"Authorship: NGO/Activist Group  
Professionalism: 4  
Use of Evidence/Reasoning: Yes  
Logical Argumentation: 4  
Emotional Tone: Negative  
Pro-Environmental Regulation: 5  
Bias: Primarily environmental concerns  
Other Feedback: The comment is well-structured and presents clear demands for environmental action, emphasizing the need for strict enforcement of regulations. It effectively utilizes evidence related to pollution and health impacts, indicating a strong understanding of the issues at hand. However, the tone is quite urgent and critical, which might be perceived as harsh by some audiences."
EPA-R06-OAR-2006-0133-0337,"Authorship: NGO/Activist Group  
Professionalism: 4  
Use of Evidence/Reasoning: Yes  
Logical Argumentation: 4  
Emotional Tone: Negative  
Pro-Environmental Regulation: 5  
Bias: Primarily environmental concerns  
Other Feedback: The comment is passionate and well-structured, highlighting specific actions to be taken regarding environmental regulation. While it expresses dissatisfaction and urgency, it maintains a professional tone overall. The clarity and detailed suggestions strengthen the argument."
EPA-R06-OAR-2006-0133-0343,"Authorship: Citizen  
Professionalism: 4  
Use of Evidence/Reasoning: Yes  
Logical Argumentation: 4  
Emotional Tone: Positive  
Pro-Environmental Regulation: 5  
Bias: Primarily environmental concerns  
Other Feedback: The comment is well-structured and presents a strong case for enforcing regulations related to air quality and coal emissions. It successfully combines personal and factual evidence while maintaining a respectful tone. The suggestions for action show a clear understanding of the regulatory process."
EPA-R06-OAR-2006-0133-0287,"Authorship: Citizen  
Professionalism: 5  
Use of Evidence/Reasoning: Yes  
Logical Argumentation: 4  
Emotional Tone: Positive  
Pro-Environmental Regulation: 5  
Bias: Primarily environmental concerns  
Other Feedback: The comment is well-structured and provides strong recommendations while emphasizing the importance of effective regulation. It effectively uses specific examples of pollution and the impact of current policies, making a compelling case for stronger enforcement of the Clean Air Act in Texas. The sign-off is respectful and professionally formatted."
EPA-R06-OAR-2006-0133-0181,"Authorship: Citizen  
Professionalism: 4  
Use of Evidence/Reasoning: Yes  
Logical Argumentation: 4  
Emotional Tone: Negative  
Pro-Environmental Regulation: 5  
Bias: Primarily environmental concerns  
Other Feedback: The comment effectively argues for stronger enforcement of the Clean Air Act, highlighting significant issues with current air quality regulations in Texas. It includes calls for specific actions and presents a compelling case for environmental improvement, linking economic growth to a cleaner energy future. The tone is urgent and reflects frustration with current policies, which effectively underscores the importance of the issues being discussed. Overall, a well-structured comment that combines personal experience, factual data, and clear demands for regulatory reform."
EPA-R06-OAR-2006-0133-0092,"Authorship: Citizen  
Professionalism: 4  
Use of Evidence/Reasoning: Yes  
Logical Argumentation: 4  
Emotional Tone: Negative  
Pro-Environmental Regulation: 5  
Bias: Primarily environmental concerns  
Other Feedback: The comment presents a well-structured argument advocating for stronger enforcement of environmental regulations in Texas. It uses specific evidence regarding Texas's emissions and the operations of the TCEQ to support its claims. The tone is critical of the current regulatory practices and conveys urgency for reform. However, it could have included more diverse perspectives or solutions for a more balanced view. Overall, it effectively communicates the need for the EPA's intervention while reinforcing the importance of clean energy initiatives."
EPA-R06-OAR-2006-0133-0156,"Authorship: Citizen  
Professionalism: 5  
Use of Evidence/Reasoning: Yes  
Logical Argumentation: 5  
Emotional Tone: Positive  
Pro-Environmental Regulation: 5  
Bias: Primarily environmental concerns  
Other Feedback: The comment is well-structured and articulates a clear and compelling case for stricter enforcement of the Clean Air Act. It combines evidence and logical reasoning with a positive tone, advocating for environmental regulations that balance economic growth and public health. The author’s call to action is relevant and timely, reflecting strong knowledge of the regulatory framework and current issues in Texas. Overall, it is an effective and persuasive comment."
EPA-R06-OAR-2006-0133-0224,"Authorship: NGO/Activist Group  
Professionalism: 4  
Use of Evidence/Reasoning: Yes  
Logical Argumentation: 4  
Emotional Tone: Negative  
Pro-Environmental Regulation: 5  
Bias: Primarily environmental concerns  
Other Feedback: The comment strongly advocates for stricter enforcement of regulations and is well-supported by evidence regarding Texas's environmental issues. The call to action is clear and compelling, though it shows a distinct frustration with current practices, which contributes to the negative tone. Overall, it provides a balanced viewpoint on the necessity of regulations without dismissing economic factors."
EPA-R06-OAR-2006-0133-0304,"Authorship: NGO/Activist Group  
Professionalism: 4  
Use of Evidence/Reasoning: Yes  
Logical Argumentation: 4  
Emotional Tone: Negative  
Pro-Environmental Regulation: 5  
Bias: Primarily environmental concerns  
Other Feedback: The comment is clear and well-structured, presenting a passionate argument in favor of enforcement of the Clean Air Act. The author effectively identifies the issues with the TCEQ and elaborates on necessary actions to improve air quality. The tone, while negative towards the TCEQ, reflects a strong commitment to environmental regulations and protection."
EPA-R06-OAR-2006-0133-0269,"Authorship: NGO/Activist Group  
Professionalism: 4  
Use of Evidence/Reasoning: Yes  
Logical Argumentation: 5  
Emotional Tone: Positive  
Pro-Environmental Regulation: 5  
Bias: Primarily environmental concerns  
Other Feedback: The comment effectively addresses the issues with TCEQ and strongly advocates for enforcement of the Clean Air Act, providing specific recommendations supported by reasoning. The author maintains a professional tone throughout and reinforces the importance of transitioning to clean energy."
EPA-R06-OAR-2006-0133-0208,"Authorship: NGO/Activist Group  
Professionalism: 4  
Use of Evidence/Reasoning: Yes  
Logical Argumentation: 4  
Emotional Tone: Negative  
Pro-Environmental Regulation: 5  
Bias: Primarily environmental concerns  
Other Feedback: The comment is well-structured and clearly communicates a strong pro-environmental stance while addressing specific actions that the EPA should take. There is a use of reasoning and some evidence presented regarding the inadequacies of TCEQ in adhering to the Clean Air Act. It maintains a respectful tone while conveying urgency and concern for environmental issues."
EPA-R06-OAR-2006-0133-0174,"Authorship: Business/Industry Representative  
Professionalism: 5  
Use of Evidence/Reasoning: Yes  
Logical Argumentation: 5  
Emotional Tone: Negative  
Pro-Environmental Regulation: 3  
Bias: Primarily economic concerns  
Other Feedback: The comment is well-structured and presents a strong, formal argument against the EPA's proposed disapprovals. It effectively utilizes evidence and legal reasoning to support its claims; however, its predominantly economic focus may overshadow environmental concerns, impacting its overall stance on pro-environmental regulation."
EPA-R06-OAR-2006-0133-0257,"Authorship: Citizen  
Professionalism: 4  
Use of Evidence/Reasoning: Yes  
Logical Argumentation: 4  
Emotional Tone: Negative  
Pro-Environmental Regulation: 5  
Bias: Primarily environmental concerns  
Other Feedback: Lee Tennison presents a strong case for enforcing the Clean Air Act and calls for significant regulatory actions to address air pollution in Texas. The argument is clear and evidence-based, highlighting specific issues with the TCEQ's practices. However, the emotional tone conveys frustration rather than a constructive dialogue. The professionalism is high, given the direct approach and structured format of the letter."
EPA-R06-OAR-2006-0133-0198,"Authorship: Citizen  
Professionalism: 4  
Use of Evidence/Reasoning: Yes  
Logical Argumentation: 4  
Emotional Tone: Negative  
Pro-Environmental Regulation: 5  
Bias: Primarily environmental concerns  
Other Feedback: The comment provides a clear call to action with specific proposals and highlights the issues with the TCEQ, demonstrating a strong advocacy for environmental protection and regulation. The language used is assertive and informative, reflective of a concerned citizen's perspective. However, there is a slight tendency towards alarmism in describing the situation, which might be perceived as overly negative. Overall, the comment effectively communicates the urgency of enforcing the Clean Air Act in Texas."
EPA-R06-OAR-2006-0133-0222,"Authorship: NGO/Activist Group  
Professionalism: 4  
Use of Evidence/Reasoning: Yes  
Logical Argumentation: 4  
Emotional Tone: Negative  
Pro-Environmental Regulation: 5  
Bias: Primarily environmental concerns  
Other Feedback: The comment presents strong arguments supported by facts regarding emissions and proposed regulations. It maintains a respectful tone, though it expresses dissatisfaction with current policies and practices. The call to action is clear, demonstrating a strong stance on the need for improved environmental regulation."
EPA-R06-OAR-2006-0133-0118,"Authorship: NGO/Activist Group  
Professionalism: 4  
Use of Evidence/Reasoning: Yes  
Logical Argumentation: 4  
Emotional Tone: Positive  
Pro-Environmental Regulation: 5  
Bias: Primarily environmental concerns  
Other Feedback: The comment is well-structured and outlines specific actions for the EPA to take regarding air quality issues in Texas. It effectively combines emotional appeal with facts and logical reasoning, advocating strongly for environmental regulation and accountability in the coal industry. The tone is polite and respectful, making it a strong example of public comment on environmental policy."
EPA-R06-OAR-2006-0133-0026,"Authorship: NGO/Activist Group  
Professionalism: 5  
Use of Evidence/Reasoning: Yes  
Logical Argumentation: 4  
Emotional Tone: Positive  
Pro-Environmental Regulation: 5  
Bias: Primarily environmental concerns  
Other Feedback: The comment is well-structured and presents a coherent set of recommendations. It effectively combines emotional appeals with concrete policy suggestions, reflecting a strong commitment to environmental regulation and action. The author’s affiliation with the Sierra Club lends credibility and indicates a strong advocacy for environmental protection."
EPA-R06-OAR-2006-0133-0027,"Authorship: NGO/Activist Group  
Professionalism: 5  
Use of Evidence/Reasoning: Yes  
Logical Argumentation: 5  
Emotional Tone: Negative  
Pro-Environmental Regulation: 5  
Bias: Primarily environmental concerns  
Other Feedback: The comment provides a strong, well-reasoned argument advocating for stricter enforcement of environmental regulations, supported by statistics regarding Texas's pollution. It also conveys urgency and disappointment in the current regulatory framework, demonstrating a clear bias toward environmental protection."
EPA-R06-OAR-2006-0133-0322,"Authorship: Citizen  
Professionalism: 4  
Use of Evidence/Reasoning: Yes  
Logical Argumentation: 4  
Emotional Tone: Positive  
Pro-Environmental Regulation: 5  
Bias: Primarily environmental concerns  
Other Feedback: The comment clearly advocates for stronger environmental regulations and provides a logical rationale for the proposed actions. It is respectful and conveys personal stakes, enhancing its emotional appeal. However, there are minor formatting issues that could be improved for clarity."
EPA-R06-OAR-2006-0133-0127,"Authorship: NGO/Activist Group  
Professionalism: 4  
Use of Evidence/Reasoning: Yes  
Logical Argumentation: 4  
Emotional Tone: Negative  
Pro-Environmental Regulation: 5  
Bias: Primarily environmental concerns  
Other Feedback: The comment effectively addresses specific issues with the TCEQ and presents a strong case for stricter environmental regulations, reflecting the organization's mission as an environmental advocate. It is respectful in tone but expresses frustration towards current policies, which is appropriate given the context. The use of evidence related to emissions and power plants strengthens the argument. Suggestions for action are clear and demonstrate a proactive approach to environmental regulation. Overall, it's a well-articulated and passionate appeal for enforcement of the Clean Air Act."
EPA-R06-OAR-2006-0133-0207,"Authorship: NGO/Activist Group  
Professionalism: 5  
Use of Evidence/Reasoning: Yes  
Logical Argumentation: 5  
Emotional Tone: Positive  
Pro-Environmental Regulation: 5  
Bias: Primarily environmental concerns  
Other Feedback: The comment is well-structured, backed by evidence, and presents a clear and strong argument for enforcing environmental regulations in Texas. It positively emphasizes the benefits of clean energy, linking it to economic growth and job creation, which adds a compelling and constructive tone to the message."
EPA-R06-OAR-2006-0133-0104,"Authorship: Citizen  
Professionalism: 4  
Use of Evidence/Reasoning: Yes  
Logical Argumentation: 4  
Emotional Tone: Positive  
Pro-Environmental Regulation: 5  
Bias: Primarily environmental concerns  
Other Feedback: The comment is well-structured and clearly articulates specific actions the EPA should take, demonstrating a strong pro-environmental stance. The writer answers specific concerns with rational reasoning and even points to evidence such as Texas's high emissions and proposed power plants, making a compelling case for stronger regulations. Overall, it effectively communicates the urgency of addressing environmental issues related to air quality."
EPA-R06-OAR-2006-0133-0196,"Authorship: Citizen  
Professionalism: 4  
Use of Evidence/Reasoning: Yes  
Logical Argumentation: 4  
Emotional Tone: Positive  
Pro-Environmental Regulation: 5  
Bias: Primarily environmental concerns  
Other Feedback: The comment is well-structured and demonstrates a clear understanding of the issues at hand. It effectively calls for action and presents a strong case for the need for stricter enforcement of the Clean Air Act in Texas. Further, it balances urgency with reasoned arguments for regulation, which strengthens its effectiveness."
EPA-R06-OAR-2006-0133-0172,"Authorship: Business/Industry Representative  
Professionalism: 5  
Use of Evidence/Reasoning: Yes  
Logical Argumentation: 4  
Emotional Tone: Neutral  
Pro-Environmental Regulation: 2  
Bias: Primarily economic concerns  
Other Feedback: The comment emphasizes benefits for industry, which may imply an economic bias over purely environmental considerations. While it is well-organized and references numerous data points effectively, it appears to advocate more for industry interests rather than robust environmental regulation."
EPA-R06-OAR-2006-0133-0259,"Authorship: Citizen  
Professionalism: 4  
Use of Evidence/Reasoning: Yes  
Logical Argumentation: 4  
Emotional Tone: Negative  
Pro-Environmental Regulation: 5  
Bias: Primarily environmental concerns  
Other Feedback: The comment provides strong arguments for enforcing the Clean Air Act and addresses specific issues with the TCEQ. It effectively balances personal concern with broader environmental implications, although the tone could be perceived as somewhat aggressive. Nonetheless, it demonstrates a clear commitment to pro-environmental regulation and public health."
EPA-R06-OAR-2006-0133-0049,"Authorship: NGO/Activist Group  
Professionalism: 4  
Use of Evidence/Reasoning: Yes  
Logical Argumentation: 4  
Emotional Tone: Negative  
Pro-Environmental Regulation: 5  
Bias: Primarily environmental concerns  
Other Feedback: The comment raises valid concerns about the TCEQ's adherence to the Clean Air Act and outlines specific actions the EPA should take. It effectively uses evidence to support its claims regarding Texas's pollution issues. However, the emotional tone is quite critical of the current regulatory situation, which may detract from the professionalism slightly. Overall, it makes a strong case for more rigorous environmental regulations."
EPA-R06-OAR-2006-0133-0366,"Authorship: Citizen  
Professionalism: 4  
Use of Evidence/Reasoning: Yes  
Logical Argumentation: 5  
Emotional Tone: Negative  
Pro-Environmental Regulation: 5  
Bias: Primarily environmental concerns  
Other Feedback: The comment clearly articulates the need for stricter enforcement of the Clean Air Act in Texas, providing specific recommendations for action. It maintains a respectful tone while expressing urgency regarding environmental issues. The author also effectively highlights the implications of inaction on public health and the environment."
EPA-R06-OAR-2006-0133-0294,"Authorship: Citizen  
Professionalism: 4  
Use of Evidence/Reasoning: Yes  
Logical Argumentation: 4  
Emotional Tone: Positive  
Pro-Environmental Regulation: 5  
Bias: Primarily environmental concerns  
Other Feedback: The comment is well-structured, addressing specific concerns about air pollution and regulatory measures. It effectively combines a call to action with a vision for clean energy in Texas, demonstrating a clear understanding of the issues at hand. The request for bold actions is compelling and reflects a strong commitment to environmental regulations."
EPA-R06-OAR-2006-0133-0034,"Authorship: NGO/Activist Group  
Professionalism: 4  
Use of Evidence/Reasoning: Yes  
Logical Argumentation: 4  
Emotional Tone: Positive  
Pro-Environmental Regulation: 5  
Bias: Primarily environmental concerns  
Other Feedback: The comment presents a clear and urgent call for action regarding the enforcement of the Clean Air Act in Texas. It effectively outlines the issues with the current regulatory framework and makes strong arguments for why stronger regulations are necessary. The emotional tone is compelling, appealing to future generations while maintaining a respectful and professional demeanor."
EPA-R06-OAR-2006-0133-0335,"Authorship: NGO/Activist Group  
Professionalism: 4  
Use of Evidence/Reasoning: Yes  
Logical Argumentation: 5  
Emotional Tone: Negative  
Pro-Environmental Regulation: 5  
Bias: Primarily environmental concerns  
Other Feedback: The comment is passionate and clearly articulates a call for stricter enforcement of environmental regulations in Texas. The author effectively uses evidence regarding emissions and the impact of coal plants to support their argument, making it a compelling and persuasive statement for pro-environmental regulations. However, there are a few formatting issues that may affect professionalism slightly. Overall, it is a strong piece advocating for environmental responsibility."
EPA-R06-OAR-2006-0133-0192,"Authorship: Citizen  
Professionalism: 4  
Use of Evidence/Reasoning: Yes  
Logical Argumentation: 4  
Emotional Tone: Negative  
Pro-Environmental Regulation: 5  
Bias: Primarily environmental concerns  
Other Feedback: The comment effectively articulates specific recommendations to improve compliance with environmental standards while criticizing existing practices in Texas. It provides a clear call to action, supported by factual claims about emissions and regulatory failures. The overall tone reflects urgency and frustration, which may resonate with those invested in environmental protection."
EPA-R06-OAR-2006-0133-0176,"Authorship: Business/Industry Representative  
Professionalism: 5  
Use of Evidence/Reasoning: Yes  
Logical Argumentation: 4  
Emotional Tone: Neutral  
Pro-Environmental Regulation: 3  
Bias: Primarily economic concerns  
Other Feedback: The comment demonstrates a professional tone and contains structured reasoning with specific references to legislation and the impacts of policy changes on the industry. While it supports improved air quality, it also emphasizes economic implications, highlighting its primary concern for business interests. The argument is mostly logical, but could be stronger with more concrete evidence of environmental impacts linked to the proposed regulations."
EPA-R06-OAR-2006-0133-0137,"Authorship: NGO/Activist Group  
Professionalism: 4   
Use of Evidence/Reasoning: Yes   
Logical Argumentation: 4   
Emotional Tone: Negative  
Pro-Environmental Regulation: 5   
Bias: Primarily environmental concerns  
Other Feedback: The comment effectively outlines specific actions for the EPA and reinforces the urgent need for regulations, demonstrating a clear understanding of the issues at hand. Some areas could be made more concise for clarity."
EPA-R06-OAR-2006-0133-0168,"Authorship: Business/Industry Representative  
Professionalism: 5  
Use of Evidence/Reasoning: Yes  
Logical Argumentation: 4  
Emotional Tone: Negative  
Pro-Environmental Regulation: 2  
Bias: Primarily economic concerns  
Other Feedback: The comment articulates strong economic concerns associated with the proposed SIP disapproval, prioritizing economic growth and job creation over potential environmental benefits. However, it provides substantial evidence of the effectiveness of Texas's air quality programs, reflecting an organized and formal approach that could enhance its credibility. The emotional tone is predominantly negative, focusing on potential drawbacks of the EPA's actions rather than a balanced view of environmental and economic interests."
EPA-R06-OAR-2006-0133-0211,"Authorship: NGO/Activist Group  
Professionalism: 4  
Use of Evidence/Reasoning: Yes  
Logical Argumentation: 5  
Emotional Tone: Positive  
Pro-Environmental Regulation: 5  
Bias: Primarily environmental concerns  
Other Feedback: Dr. Mendoza's comment is well-structured, articulate, and shows a strong commitment to enforcing environmental regulations. He provides specific recommendations and supported them with empirical data related to Texas's air quality issues. The professionalism and logical flow of arguments indicate a solid understanding of the subject matter and a positive but urgent tone in advocating for stronger regulations."
EPA-R06-OAR-2006-0133-0210,"Authorship: NGO/Activist Group  
Professionalism: 4  
Use of Evidence/Reasoning: Yes  
Logical Argumentation: 4  
Emotional Tone: Positive  
Pro-Environmental Regulation: 5  
Bias: Primarily environmental concerns  
Other Feedback: The comment is well-structured and makes a strong case for environmental regulation while providing specific recommendations. The tone is urgent and proactive, emphasizing the need for immediate action. It effectively addresses the issues with TCEQ and aligns with pro-environmental values."
EPA-R06-OAR-2006-0133-0025,"Authorship: NGO/Activist Group  
Professionalism: 4  
Use of Evidence/Reasoning: Yes  
Logical Argumentation: 4  
Emotional Tone: Negative  
Pro-Environmental Regulation: 5  
Bias: Primarily environmental concerns  
Other Feedback: The comment presents a strong case against the Texas Commission on Environmental Quality, advocating for enforcement of the Clean Air Act with specific suggestions. While the tone is negative toward TCEQ, it effectively highlights the environmental issues and proposed solutions. Some additional support through empirical data or citations could enhance the argument further."
EPA-R06-OAR-2006-0133-0266,"Authorship: Citizen  
Professionalism: 4  
Use of Evidence/Reasoning: Yes  
Logical Argumentation: 5  
Emotional Tone: Negative  
Pro-Environmental Regulation: 5  
Bias: Primarily environmental concerns  
Other Feedback: The comment is well-structured and presents a clear argument for stronger environmental regulations, particularly targeting the TCEQ. It effectively highlights the urgency of the issue and uses specific examples to support its claims."
EPA-R06-OAR-2006-0133-0170,"**Criteria Assessment of Comment ID: EPA-R06-OAR-2006-0133-0170**

Authorship: Business/Industry Representative  
Professionalism: 5  
Use of Evidence/Reasoning: Yes  
Logical Argumentation: 4  
Emotional Tone: Neutral  
Pro-Environmental Regulation: 2  
Bias: Primarily economic concerns  
Other Feedback: The comment presents a strong support for the Texas NSR reform and provides detailed evidence from empirical data. It effectively counters EPA's concerns, suggesting the regulations are adequate. However, there's a clear focus on economic implications, and it exhibits an anti-environment stance in prioritizing industry interests over stricter environmental regulations. Overall, the comment is well-structured and contains useful information, but it leans towards defending industry interests rather than advocating for environmental health per se. 

**Grading Summary:**
Authorship: Business/Industry Representative  
Professionalism: 5  
Use of Evidence/Reasoning: Yes  
Logical Argumentation: 4  
Emotional Tone: Neutral  
Pro-Environmental Regulation: 2  
Bias: Primarily economic concerns  
Other Feedback: The comment provides strong evidentiary support but favors economic interests over environmental regulation."
EPA-R06-OAR-2006-0133-0111,"Authorship: NGO/Activist Group  
Professionalism: 4  
Use of Evidence/Reasoning: Yes  
Logical Argumentation: 4  
Emotional Tone: Negative  
Pro-Environmental Regulation: 5  
Bias: Primarily environmental concerns  
Other Feedback: The comment effectively highlights serious concerns about the TCEQ and advocates for strong environmental regulations, making a compelling case for enforcement of the Clean Air Act. However, the tone could be perceived as confrontational at times, which may impact the reception of the message."
EPA-R06-OAR-2006-0133-0346,"Authorship: NGO/Activist Group  
Professionalism: 4  
Use of Evidence/Reasoning: Yes  
Logical Argumentation: 4  
Emotional Tone: Positive  
Pro-Environmental Regulation: 5  
Bias: Primarily environmental concerns  
Other Feedback: The comment is well-structured and articulates specific actions for the EPA to take, reflecting a strong commitment to environmental regulation and public health. The author effectively uses evidence to highlight the issues with TCEQ and the need for federal intervention, making it compelling and persuasive. However, the language could be slightly more formal for full professionalism."
EPA-R06-OAR-2006-0133-0204,"Authorship: NGO/Activist Group  
Professionalism: 4  
Use of Evidence/Reasoning: Yes  
Logical Argumentation: 5  
Emotional Tone: Positive  
Pro-Environmental Regulation: 5  
Bias: Primarily environmental concerns  
Other Feedback: The comment is well-structured and presents a clear and compelling argument for enforcing the Clean Air Act in Texas. It effectively outlines specific actions that should be taken while also stressing the importance of environmental regulation for public health and economic growth. It maintains a respectful tone throughout, addressing the recipient formally. Overall, it's an excellent example of advocacy for environmental protection."
EPA-R06-OAR-2006-0133-0356,"Authorship: NGO/Activist Group  
Professionalism: 4  
Use of Evidence/Reasoning: Yes  
Logical Argumentation: 4  
Emotional Tone: Negative  
Pro-Environmental Regulation: 5  
Bias: Primarily environmental concerns  
Other Feedback: The comment is well-structured and clearly outlines specific actions the EPA should take regarding the TCEQ, emphasizing accountability and stricter regulation. It effectively communicates the issues with current policies and expresses a clear pro-environment stance. Slight improvements in professionalism could be made, but overall it is strong in content and reasoning."
EPA-R06-OAR-2006-0133-0141,"Authorship: NGO/Activist Group  
Professionalism: 4  
Use of Evidence/Reasoning: Yes  
Logical Argumentation: 4  
Emotional Tone: Positive  
Pro-Environmental Regulation: 5  
Bias: Primarily environmental concerns  
Other Feedback: The comment is well-structured and respectfully addresses the recipient while clearly expressing the need for stronger enforcement of the Clean Air Act. The use of evidence regarding Texas's pollution levels strengthens the argument. The call for action is assertive but maintains a positive tone towards the potential for clean energy and economic growth. Overall, it effectively advocates for pro-environmental regulation."
EPA-R06-OAR-2006-0133-0278,"Authorship: Citizen  
Professionalism: 4  
Use of Evidence/Reasoning: Yes  
Logical Argumentation: 4  
Emotional Tone: Negative  
Pro-Environmental Regulation: 5  
Bias: Primarily environmental concerns  
Other Feedback: The comment effectively addresses serious issues with the TCEQ and advocates for strong regulatory measures. The use of evidence about Texas's emissions and the need for stronger regulation enhances the overall argument. It could improve by ensuring a more concise presentation to maintain engagement."
EPA-R06-OAR-2006-0133-0289,"Authorship: NGO/Activist Group  
Professionalism: 4  
Use of Evidence/Reasoning: Yes  
Logical Argumentation: 4  
Emotional Tone: Negative  
Pro-Environmental Regulation: 5  
Bias: Primarily environmental concerns  
Other Feedback: The comment is passionate and clearly articulates the author's concern about environmental issues related to coal plants in Texas. The suggestions for action are concrete and demonstrate a good understanding of the relationship between environmental policies and public health. A couple of typos and informal language detract slightly from the professionalism but generally maintains a respectful tone."
EPA-R06-OAR-2006-0133-0301,"Authorship: NGO/Activist Group  
Professionalism: 4  
Use of Evidence/Reasoning: Yes  
Logical Argumentation: 4  
Emotional Tone: Positive  
Pro-Environmental Regulation: 5  
Bias: Primarily environmental concerns  
Other Feedback: The comment is well-articulated with a clear call to action and specific recommendations. It effectively highlights the need for stronger regulations and illustrates the health impacts related to pollution in Texas. However, the comment could benefit from a more structured organization to enhance clarity and readability."
EPA-R06-OAR-2006-0133-0209,"Authorship: NGO/Activist Group  
Professionalism: 4  
Use of Evidence/Reasoning: Yes  
Logical Argumentation: 4  
Emotional Tone: Negative  
Pro-Environmental Regulation: 5  
Bias: Primarily environmental concerns  
Other Feedback: The comment is well-structured and conveys a clear message advocating for stricter enforcement of environmental regulations. It effectively outlines specific actions the EPA should take, indicating a strong commitment to environmental protection. However, the tone could potentially be softened for broader appeal."
EPA-R06-OAR-2006-0133-0286,"Authorship: NGO/Activist Group  
Professionalism: 4  
Use of Evidence/Reasoning: Yes  
Logical Argumentation: 4  
Emotional Tone: Positive  
Pro-Environmental Regulation: 5  
Bias: Primarily environmental concerns  
Other Feedback: The comment is well-articulated and addresses specific regulatory actions needed to enforce the Clean Air Act in Texas. It includes reasonable evidence to support its claims and presents a strong case for pro-environmental regulation. The tone is respectful and constructive while expressing urgency for regulatory action, which enhances its professionalism."
EPA-R06-OAR-2006-0133-0030,"Authorship: Citizen  
Professionalism: 3  
Use of Evidence/Reasoning: Yes  
Logical Argumentation: 4  
Emotional Tone: Negative  
Pro-Environmental Regulation: 5  
Bias: Primarily environmental concerns  
Other Feedback: The comment presents a strong call to action and effectively uses evidence regarding the negative impacts of coal and TCEQ's policies. The emotional tone, while passionate, could be perceived as excessively critical, potentially impacting the reception of the message. Overall, the argument is compelling and clearly articulates the need for stronger regulations to protect air quality and public health."
EPA-R06-OAR-2006-0133-0314,"Authorship: NGO/Activist Group  
Professionalism: 4  
Use of Evidence/Reasoning: Yes  
Logical Argumentation: 5  
Emotional Tone: Negative  
Pro-Environmental Regulation: 5  
Bias: Primarily environmental concerns  
Other Feedback: The comment is well-structured and articulates a strong position in favor of enforcing environmental regulations. It effectively combines factual information with emotional appeals and presents clear actions that the EPA should take, reinforcing its argument for strict adherence to the Clean Air Act. The professionalism is mostly formal, though slight sentiments of anger are present, perhaps impacting the overall tone."
EPA-R06-OAR-2006-0133-0068,"Authorship: NGO/Activist Group  
Professionalism: 4  
Use of Evidence/Reasoning: Yes  
Logical Argumentation: 4  
Emotional Tone: Negative  
Pro-Environmental Regulation: 5  
Bias: Primarily environmental concerns  
Other Feedback: The comment is clear and passionate about enforcing regulations and emphasizes the urgency of addressing air quality issues. It effectively outlines specific actions that the EPA should take and supports the arguments with relevant data regarding Texas's environmental status. The overall tone underscores a strong commitment to environmental protection while showing concern for public health and economic implications."
EPA-R06-OAR-2006-0133-0075,"Authorship: NGO/Activist Group  
Professionalism: 4  
Use of Evidence/Reasoning: Yes  
Logical Argumentation: 4  
Emotional Tone: Positive  
Pro-Environmental Regulation: 5  
Bias: Primarily environmental concerns  
Other Feedback: The comment is well-articulated and presents a strong case for environmental regulation by using specific recommendations and outlining the issues with the current permitting process. The call to action is clear and emphasizes the urgency of the situation. Overall, it effectively advocates for the enforcement of the Clean Air Act in Texas."
EPA-R06-OAR-2006-0133-0015,"Authorship: NGO/Activist Group  
Professionalism: 5  
Use of Evidence/Reasoning: Yes  
Logical Argumentation: 5  
Emotional Tone: Positive  
Pro-Environmental Regulation: 5  
Bias: Primarily environmental concerns  
Other Feedback: The comment is well-structured and presents clear and compelling arguments for stronger environmental regulations. It effectively uses data related to emissions and ties it to the need for regulatory action. The tone is respectful and professional, making a strong case for accountability within the TCEQ."
EPA-R06-OAR-2006-0133-0351,"Authorship: Citizen  
Professionalism: 4  
Use of Evidence/Reasoning: Yes  
Logical Argumentation: 4  
Emotional Tone: Negative  
Pro-Environmental Regulation: 5  
Bias: Primarily environmental concerns  
Other Feedback: The comment effectively uses a personal appeal regarding air quality issues and connects economic impacts to the need for stricter environmental regulations. It demonstrates a strong understanding of the Clean Air Act and a clear call to action. However, some grammar and formatting issues detract from its overall professionalism."
EPA-R06-OAR-2006-0133-0230,"Authorship: NGO/Activist Group  
Professionalism: 4  
Use of Evidence/Reasoning: Yes  
Logical Argumentation: 4  
Emotional Tone: Negative  
Pro-Environmental Regulation: 5  
Bias: Primarily environmental concerns  
Other Feedback: The comment effectively presents specific actions sought from the EPA and makes a robust case for strengthening air quality regulations in Texas. The author utilizes evidence to support their arguments, highlighting the negative impacts of coal on air quality and emphasizing the need for action. While the emotional tone is quite strong and passionate, it is still respectful and focused on the issues at hand."
EPA-R06-OAR-2006-0133-0217,"Authorship: NGO/Activist Group  
Professionalism: 4  
Use of Evidence/Reasoning: Yes  
Logical Argumentation: 4  
Emotional Tone: Positive  
Pro-Environmental Regulation: 5  
Bias: Primarily environmental concerns  
Other Feedback: The comment articulates a clear call to action regarding air quality regulations in Texas, emphasizing the need for adherence to the Clean Air Act and showcasing a positive outlook on potential improvements. It effectively balances urgency with constructive suggestions for regulatory changes."
EPA-R06-OAR-2006-0133-0183,"Authorship: Citizen  
Professionalism: 4  
Use of Evidence/Reasoning: Yes  
Logical Argumentation: 4  
Emotional Tone: Positive  
Pro-Environmental Regulation: 5  
Bias: Primarily environmental concerns  
Other Feedback: The comment is strong in supporting environmental regulations and outlines specific actions for improvement, indicating a clear understanding of the issues and a desire for accountability in enforcement policies. The suggestions provided are constructive and directly relevant to the topic at hand."
EPA-R06-OAR-2006-0133-0353,"Authorship: NGO/Activist Group  
Professionalism: 5  
Use of Evidence/Reasoning: Yes  
Logical Argumentation: 5  
Emotional Tone: Negative  
Pro-Environmental Regulation: 5  
Bias: Primarily environmental concerns  
Other Feedback: The comment is well-structured and presents a clear argument advocating for stronger environmental regulations in Texas. It highlights specific issues with the TCEQ and the need for reform, backed by personal experience and factual data about emissions in Texas. The call to action is strong and persuasive, showing a commitment to environmental health and community well-being."
EPA-R06-OAR-2006-0133-0109,"**Authorship:** NGO/Activist Group  
**Professionalism:** 3  
**Use of Evidence/Reasoning:** Yes  
**Logical Argumentation:** 4  
**Emotional Tone:** Negative  
**Pro-Environmental Regulation:** 5  
**Bias:** Primarily environmental concerns  
**Other Feedback:** The comment is focused and presents a clear call to action regarding regulatory reform in Texas, with specific recommendations for the EPA. However, the formatting and spelling issues detract from its professionalism. Despite these issues, the arguments are logical and supported by evidence underlying the need for enforcement of the Clean Air Act."
EPA-R06-OAR-2006-0133-0020,"Authorship: Citizen  
Professionalism: 4  
Use of Evidence/Reasoning: Yes  
Logical Argumentation: 4  
Emotional Tone: Negative  
Pro-Environmental Regulation: 5  
Bias: Primarily environmental concerns  
Other Feedback: The comment effectively highlights serious concerns regarding air quality and regulatory practices in Texas, providing specific recommendations and supporting evidence from local context. It addresses critical issues with the TCEQ's compliance with federal standards and underscores the urgency for policy interventions. The professionalism is high, but the emotional tone reflects frustration with current conditions."
EPA-R06-OAR-2006-0133-0115,"Authorship: NGO/Activist Group  
Professionalism: 4  
Use of Evidence/Reasoning: Yes  
Logical Argumentation: 5  
Emotional Tone: Positive  
Pro-Environmental Regulation: 5  
Bias: Primarily environmental concerns  
Other Feedback: The comment is well-structured and presents a clear argument for stronger enforcement of environmental regulations. It effectively combines factual information about Texas' pollution issues with a strong call to action for the EPA, reflecting both urgency and a constructive approach. The tone is respectful and professional, focusing on environmental health while also linking it to economic growth and job creation."
EPA-R06-OAR-2006-0133-0152,"Authorship: Citizen  
Professionalism: 3  
Use of Evidence/Reasoning: Yes  
Logical Argumentation: 4  
Emotional Tone: Positive  
Pro-Environmental Regulation: 5  
Bias: Primarily environmental concerns  
Other Feedback: The comment effectively communicates concerns regarding TCEQ's practices and advocates strongly for regulatory changes to improve air quality and promote clean energy. While the professionalism is somewhat informal, the arguments presented are clear, compelling, and supported by evidence regarding Texas's environmental status. Consider tightening the language for clarity and removing unnecessary formatting symbols."
EPA-R06-OAR-2006-0133-0365,"Authorship: Citizen  
Professionalism: 4  
Use of Evidence/Reasoning: Yes  
Logical Argumentation: 4  
Emotional Tone: Negative  
Pro-Environmental Regulation: 5  
Bias: Primarily environmental concerns  
Other Feedback: The comment is well-articulated and presents a clear, passionate plea for stronger environmental regulations. It addresses specific issues with the Texas Commission on Environmental Quality and supports the need for federal oversight while emphasizing the importance of clean energy. The tone is urgent and concerned about public health and safety. Overall, it effectively argues for pro-environmental action."
EPA-R06-OAR-2006-0133-0339,"Authorship: Citizen  
Professionalism: 4  
Use of Evidence/Reasoning: Yes  
Logical Argumentation: 4  
Emotional Tone: Positive  
Pro-Environmental Regulation: 5  
Bias: Primarily environmental concerns  
Other Feedback: The comment clearly outlines specific actions proposed for addressing air pollution in Texas, demonstrating a strong commitment to environmental issues while also acknowledging potential economic benefits of regulation. The tone is respectful and constructive, while the argumentation is logical and well-supported."
EPA-R06-OAR-2006-0133-0163,"Authorship: Business/Industry Representative  
Professionalism: 4  
Use of Evidence/Reasoning: Yes  
Logical Argumentation: 5  
Emotional Tone: Negative  
Pro-Environmental Regulation: 2  
Bias: Primarily economic concerns  
Other Feedback: The comment is well-structured and uses legal and technical reasoning effectively to argue against the EPA's proposed disapproval of Texas's standard permit. However, the tone is quite confrontational and negatively perceived towards the EPA, which might detract from its overall professionalism. The focus is primarily on economic implications rather than environmental concerns, suggesting a strong pro-business bias."
EPA-R06-OAR-2006-0133-0320,"Authorship: Citizen  
Professionalism: 4  
Use of Evidence/Reasoning: Yes  
Logical Argumentation: 4  
Emotional Tone: Positive  
Pro-Environmental Regulation: 5  
Bias: Primarily environmental concerns  
Other Feedback: The comment is well-structured and offers actionable suggestions for the EPA, demonstrating a clear alignment with pro-environmental policies. The reference to specific issues regarding TCEQ adds credibility and urgency to the arguments made. Additionally, the tone is respectful and formal, suitable for the context. Overall, it effectively communicates the need for enhanced environmental regulations."
EPA-R06-OAR-2006-0133-0300,"Authorship: Citizen  
Professionalism: 4  
Use of Evidence/Reasoning: Yes  
Logical Argumentation: 5  
Emotional Tone: Positive  
Pro-Environmental Regulation: 5  
Bias: Primarily environmental concerns  
Other Feedback: The comment effectively outlines specific actions that the EPA should take, backed up by factual statements about Texas’s pollution issues and the implications for public health and the environment. It maintains a professional tone and is persuasive in its arguments for stricter environmental regulations. Overall, it effectively communicates the urgency of enforcing the Clean Air Act in Texas."
EPA-R06-OAR-2006-0133-0258,"Authorship: NGO/Activist Group  
Professionalism: 4  
Use of Evidence/Reasoning: Yes  
Logical Argumentation: 4  
Emotional Tone: Negative  
Pro-Environmental Regulation: 5  
Bias: Primarily environmental concerns  
Other Feedback: The comment is strong in its advocacy for environmental protection and effectively outlines specific recommendations for improving air quality and enforcing regulations. It balances emotional urgency with factual evidence, making a compelling case for action against air pollution in Texas. A little more formal expression could elevate professionalism."
EPA-R06-OAR-2006-0133-0308,"Authorship: Citizen  
Professionalism: 5  
Use of Evidence/Reasoning: Yes  
Logical Argumentation: 5  
Emotional Tone: Positive  
Pro-Environmental Regulation: 5  
Bias: Primarily environmental concerns  
Other Feedback: The comment articulates specific regulatory actions and grounds them in a clear understanding of environmental law and policy. The argument is compelling and contributes positively to the discourse on environmental regulation. Overall, it reflects a strong commitment to environmental protection and advocacy."
EPA-R06-OAR-2006-0133-0046,"Authorship: Citizen  
Professionalism: 3  
Use of Evidence/Reasoning: Yes  
Logical Argumentation: 4  
Emotional Tone: Negative  
Pro-Environmental Regulation: 5  
Bias: Primarily environmental concerns  
Other Feedback: The comment is passionate and specific in its demands, but could benefit from a more formal tone in parts. Overall, it effectively communicates the need for stronger environmental regulations in Texas and critiques the TCEQ's performance regarding the Clean Air Act."
EPA-R06-OAR-2006-0133-0277,"Authorship: NGO/Activist Group  
Professionalism: 4  
Use of Evidence/Reasoning: Yes  
Logical Argumentation: 4  
Emotional Tone: Negative  
Pro-Environmental Regulation: 5  
Bias: Primarily environmental concerns  
Other Feedback: The comment effectively argues for stronger enforcement of the Clean Air Act and highlights specific issues with the TCEQ’s practices. It includes a personal experience that adds a subjective perspective, but the argument is primarily focused on environmental concerns and the need for regulatory reform. Overall, the comment is articulate and provides a clear call to action."
EPA-R06-OAR-2006-0133-0157,"Authorship: Citizen  
Professionalism: 4  
Use of Evidence/Reasoning: Yes  
Logical Argumentation: 4  
Emotional Tone: Negative  
Pro-Environmental Regulation: 5  
Bias: Primarily environmental concerns  
Other Feedback: The comment is well-structured and articulates clear demands for action regarding air regulation in Texas, reflecting a strong commitment to environmental protections. It effectively presents suggestions while maintaining a respectful tone towards the recipient."
EPA-R06-OAR-2006-0133-0221,"Authorship: NGO/Activist Group  
Professionalism: 4  
Use of Evidence/Reasoning: Yes  
Logical Argumentation: 4  
Emotional Tone: Negative  
Pro-Environmental Regulation: 5  
Bias: Primarily environmental concerns  
Other Feedback: The comment is passionate and well-articulated, providing specific suggestions for action while maintaining a respectful tone. However, the emotional tone can come across as slightly confrontational. Overall, it effectively advocates for stronger environmental regulations and highlights the importance of compliance with the Clean Air Act."
EPA-R06-OAR-2006-0133-0023,"Authorship: NGO/Activist Group  
Professionalism: 4  
Use of Evidence/Reasoning: Yes  
Logical Argumentation: 4  
Emotional Tone: Positive  
Pro-Environmental Regulation: 5  
Bias: Primarily environmental concerns  
Other Feedback: The comment is well-structured and clearly expresses support for environmental regulations while criticizing the TCEQ's practices. It provides specific suggestions for action and highlights the importance of clean air and energy in Texas. Overall, it effectively communicates a strong pro-environment stance while maintaining a respectful tone."
EPA-R06-OAR-2006-0133-0265,"Authorship: Citizen  
Professionalism: 4  
Use of Evidence/Reasoning: Yes  
Logical Argumentation: 4  
Emotional Tone: Negative  
Pro-Environmental Regulation: 5  
Bias: Primarily environmental concerns  
Other Feedback: The comment is well-structured and articulates a clear position advocating for stronger environmental regulations under the Clean Air Act. It effectively combines factual statements with passionate appeals, making a compelling case for action against coal pollution in Texas. However, the emotional tone is quite negative towards the TCEQ and the coal industry, possibly affecting its reception among audiences with opposing views. Overall, it demonstrates a strong commitment to environmental advocacy."
EPA-R06-OAR-2006-0133-0237,"Authorship: NGO/Activist Group  
Professionalism: 4  
Use of Evidence/Reasoning: Yes  
Logical Argumentation: 4  
Emotional Tone: Positive  
Pro-Environmental Regulation: 5  
Bias: Primarily environmental concerns  
Other Feedback: The comment effectively presents a clear and compelling argument for stronger enforcement of the Clean Air Act in Texas, providing specific actions for the EPA to take. It demonstrates a clear commitment to environmental protection while advocating for economic growth through clean energy. The tone is respectful and professional throughout."
EPA-R06-OAR-2006-0133-0041,"Authorship: NGO/Activist Group  
Professionalism: 4  
Use of Evidence/Reasoning: Yes  
Logical Argumentation: 4  
Emotional Tone: Negative  
Pro-Environmental Regulation: 5  
Bias: Primarily environmental concerns  
Other Feedback: The comment is well-structured and clearly outlines specific actions the EPA should take, demonstrating a solid understanding of environmental regulations. It effectively uses evidence regarding Texas's pollution levels, bolstering the call to action while maintaining a formal tone. However, the emotional tone reflects frustration with the TCEQ, which may affect the perceived professionalism slightly."
EPA-R06-OAR-2006-0133-0290,"Authorship: Citizen  
Professionalism: 4  
Use of Evidence/Reasoning: Yes  
Logical Argumentation: 4  
Emotional Tone: Negative  
Pro-Environmental Regulation: 5  
Bias: Primarily environmental concerns  
Other Feedback: The comment is passionate and clearly expresses concerns about air quality and environmental regulations in Texas. It provides specific recommendations for the EPA's actions regarding TCEQ, underlining the importance of enforcing the Clean Air Act. The author successfully combines emotional tone with logical reasoning, making a compelling case for stronger environmental regulations in Texas."
EPA-R06-OAR-2006-0133-0246,"Authorship: NGO/Activist Group  
Professionalism: 4  
Use of Evidence/Reasoning: Yes  
Logical Argumentation: 5  
Emotional Tone: Positive  
Pro-Environmental Regulation: 5  
Bias: Primarily environmental concerns  
Other Feedback: The comment is well-structured and presents a clear call to action regarding environmental regulations in Texas. It effectively combines a critique of current policies with specific recommendations for improvement, enhancing its persuasive power."
EPA-R06-OAR-2006-0133-0200,"Authorship: NGO/Activist Group  
Professionalism: 5  
Use of Evidence/Reasoning: Yes  
Logical Argumentation: 4  
Emotional Tone: Positive  
Pro-Environmental Regulation: 5  
Bias: Primarily environmental concerns  
Other Feedback: The comment effectively addresses the issues with the TCEQ and advocates for strong enforcement of the Clean Air Act. It presents clear arguments and specific recommendations, enhancing its persuasive impact. The emotional tone is positive, highlighting progress with wind energy while passionately arguing against coal pollution. Overall, it is a strong pro-environmental statement."
EPA-R06-OAR-2006-0133-0017,"Authorship: Citizen  
Professionalism: 4  
Use of Evidence/Reasoning: Yes  
Logical Argumentation: 4  
Emotional Tone: Negative  
Pro-Environmental Regulation: 5  
Bias: Primarily environmental concerns  
Other Feedback: The comment effectively advocates for stronger environmental regulations and highlights specific actions the EPA should take. The tone is critical of the current state of the TCEQ, which may be off-putting to some readers; however, this is justified given the context. Overall, it presents clear arguments supported by evidence."
EPA-R06-OAR-2006-0133-0033,"Authorship: NGO/Activist Group  
Professionalism: 4  
Use of Evidence/Reasoning: Yes  
Logical Argumentation: 5  
Emotional Tone: Negative  
Pro-Environmental Regulation: 5  
Bias: Primarily environmental concerns  
Other Feedback: The comment effectively uses specific examples and a structured argument to advocate for stronger environmental regulations, aligning with the objectives of the EPA. It presents a compelling case for reforming the TCEQ and prioritizes environmental health and regulatory compliance. A slightly more formal language could enhance its professionalism."
EPA-R06-OAR-2006-0133-0102,"Authorship: NGO/Activist Group  
Professionalism: 4  
Use of Evidence/Reasoning: Yes  
Logical Argumentation: 4  
Emotional Tone: Negative  
Pro-Environmental Regulation: 5  
Bias: Primarily environmental concerns  
Other Feedback: The comment raises significant concerns regarding the TCEQ and its compliance with the Clean Air Act, providing constructive recommendations for the EPA's actions. The argumentation is clear, logically structured, and supported by factual evidence regarding pollution in Texas, making it a compelling statement for pro-environmental regulation."
EPA-R06-OAR-2006-0133-0153,"Authorship: NGO/Activist Group  
Professionalism: 3  
Use of Evidence/Reasoning: Yes  
Logical Argumentation: 4  
Emotional Tone: Negative  
Pro-Environmental Regulation: 5  
Bias: Primarily environmental concerns  
Other Feedback: The comment effectively highlights concerns about TCEQ's adherence to the Clean Air Act and proposes strong actions for the EPA to take. The language conveys urgency and the necessity for regulatory change, aligning well with pro-environmental positions. However, the formatting and some sections of the text appear unclear or disorganized, which may detract from its overall professionalism."
EPA-R06-OAR-2006-0133-0070,"Authorship: Citizen  
Professionalism: 5  
Use of Evidence/Reasoning: Yes  
Logical Argumentation: 4  
Emotional Tone: Negative  
Pro-Environmental Regulation: 5  
Bias: Primarily environmental concerns  
Other Feedback: The comment effectively outlines specific actions that the EPA should take to improve air quality in Texas and provides contextual evidence supporting the need for stronger regulations. However, the emotional tone could be perceived as negative due to the strong criticism of TCEQ, which might detract from a more balanced discussion. Overall, the comment is well-structured and persuasive, advocating for strict adherence to environmental standards."
EPA-R06-OAR-2006-0133-0305,"Authorship: NGO/Activist Group  
Professionalism: 4  
Use of Evidence/Reasoning: Yes  
Logical Argumentation: 4  
Emotional Tone: Negative  
Pro-Environmental Regulation: 5  
Bias: Primarily environmental concerns  
Other Feedback: The comment effectively highlights the urgency for enforcement of the Clean Air Act in Texas, along with detailed recommendations. The tone reflects disappointment in the current state of air regulation, and while it may be perceived as negative, it conveys a strong advocate stance for pro-environment actions. Overall, the message is clear and strong in its call for accountability and regulation."
